{
	"name": "hcfi",
	"version": "1.0.0",
	"buildTimestamp": "202309201750",
	"scmRevision": "",
	"libraries": [
		{
			"name": "sap.m",
			"version": "1.84.0",
			"buildTimestamp": "202309201750",
			"scmRevision": ""
		},
		{
			"name": "sap.ui.core",
			"version": "1.84.0",
			"buildTimestamp": "202309201750",
			"scmRevision": ""
		},
		{
			"name": "sap.ui.layout",
			"version": "1.84.0",
			"buildTimestamp": "202309201750",
			"scmRevision": ""
		},
		{
			"name": "sap.ui.unified",
			"version": "1.84.0",
			"buildTimestamp": "202309201750",
			"scmRevision": ""
		}
	]
}